{"mean": [14.1124989010989, 19.152879120879117, 91.8182857142857, 653.8191208791208, 0.09641334065934067, 0.10331865934065934, 0.08748453560439559, 0.04869002637362637, 0.1809391208791209, 0.06266802197802199, 0.4025235164835165, 1.2098806593406592, 2.825246813186814, 40.28561758241758, 0.007003393406593407, 0.02506322857142857, 0.03147278593406593, 0.011646349450549452, 0.02052527032967033, 0.0037102951648351652, 16.256096703296706, 25.53874725274725, 107.03140659340657, 881.18989010989, 0.13245923076923077, 0.25186184615384616, 0.267491334065934, 0.11444767252747252, 0.2904160439560439, 0.08349142857142858], "scale": [3.5314874243044914, 4.154390165202217, 24.286279446817634, 357.7723732221164, 0.01378419278804592, 0.0504344575233556, 0.07771596930900754, 0.03855502948253709, 0.0273677761766191, 0.006811329511468571, 0.28405789960164085, 0.5413653251089642, 2.0355133164366532, 47.677941252511445, 0.0028405372021643375, 0.017490517055685564, 0.03107157409756271, 0.005890713277850175, 0.008187482458097063, 0.00260681954986513, 4.885176294465852, 6.093923723079592, 33.83194773069183, 585.7509087168582, 0.022600884317560598, 0.15294101984385167, 0.1994179978654325, 0.06524899520931055, 0.06292226414401389, 0.017794346019645566]}